ID	Description	GeneRatio	BgRatio	pvalue	p.adjust	qvalue	geneID	Count	source
GO:0004896	cytokine receptor activity	9/285	86/14828	3.976636148561909e-5	0.020758040695493165	0.020758040695493165	IL17RC/IFNGR1/CSF3R/IL23R/GHR/CXCR2/ACKR2/IL12RB1/CD4	9	GO:MF
GO:0140375	immune receptor activity	9/285	103/14828	1.6335744171192104e-4	0.04263629228681139	0.04263629228681139	IL17RC/IFNGR1/CSF3R/IL23R/GHR/CXCR2/ACKR2/IL12RB1/CD4	9	GO:MF
hsa04060	Cytokine-cytokine receptor interaction	14/108	227/6795	1.2396295531858506e-5	0.0025288442884991353	0.002505356570649298	CD4/IFNGR1/IL12RB1/GHR/CSF3R/AMHR2/TSLP/CXCL16/IL23R/IL17RC/PPBP/CXCR2/TNFRSF18/TNFSF12	14	KEGG
